{
    "fr": 1.0, 
    "es": 0.9918968692449356, 
    "sv": 0.9933701657458563, 
    "nl": 0.3742173112338858, 
    "uk": 1.0, 
    "de": 0.4530386740331492, 
    "cs": 0.5233885819521179, 
    "tr": 0.7403314917127072
}