{
    "tr": 0.680799724233023, 
    "sv": 0.9789727680110307, 
    "de": 0.4646673560841089, 
    "fr": 1.0, 
    "es": 1.0, 
    "cs": 0.5987590486039297, 
    "et": 0.3702171664943123, 
    "nl": 0.46845915201654603, 
    "ms": 0.30610134436401243, 
    "ru": 0.3043778007583592, 
    "uk": 1.0
}