{
    "uk": 1.0,
    "zh_CN": 0.4181735985533454,
    "ms": 0.3783905967450271,
    "es": 0.9986437613019892,
    "sv": 0.9923146473779385,
    "ru": 0.8141952983725136,
    "de": 0.538878842676311,
    "pt_BR": 0.3530741410488246,
    "nl": 0.5705244122965641,
    "tr": 0.5773056057866185,
    "fr": 1.0,
    "pt": 0.3322784810126582,
    "el": 0.3336347197106691,
    "et": 0.439873417721519,
    "cs": 0.8006329113924051
}