{
    "es": 1.0, 
    "et": 0.36148300720906285, 
    "uk": 1.0, 
    "cs": 0.6065911431513903, 
    "fr": 1.0, 
    "tr": 0.6604874699622383, 
    "ru": 0.557157569515963, 
    "de": 0.4507380707174734, 
    "pt": 0.3062135255750086, 
    "nl": 0.49570889117748024, 
    "sv": 0.9917610710607621
}