{
    "fr": 1.0, 
    "nl": 0.46300798888502953, 
    "ms": 0.3119138589788121, 
    "de": 0.4723862452240361, 
    "tr": 0.6873914553664466, 
    "sv": 0.9850642584230636, 
    "uk": 1.0, 
    "cs": 0.5071205279610976, 
    "et": 0.3733935394234109, 
    "es": 1.0
}