{
    "fr": 1.0, 
    "nl": 0.4545797210704862, 
    "pt_BR": 0.30908405578590276, 
    "de": 0.5842442517904259, 
    "sv": 1.0, 
    "tr": 0.9566528458349038, 
    "cs": 0.5420278929513758, 
    "es": 1.0
}