{
    "uk": 1.0,
    "it": 0.38005644402634053,
    "es": 1.0,
    "sv": 0.9087488240827846,
    "ru": 1.0,
    "de": 0.4029476324866729,
    "nl": 0.7519598620257134,
    "tr": 0.5315145813734713,
    "fr": 1.0,
    "pt": 0.30887425525243023,
    "et": 0.3317654437127626,
    "cs": 0.5964252116650988
}