{
    "pl": 0.34597701149425286,
    "et": 0.3051629650995097,
    "ta": 0.9988757729061271,
    "zh_CN": 0.872681281618887,
    "fr": 1.0,
    "it": 0.45800227014755956,
    "sv": 0.8804500703234881,
    "uk": 1.0,
    "pt": 0.4091037602487984,
    "ja": 0.933390022675737,
    "nl": 0.7007672634271099,
    "ru": 0.9806070826306914,
    "es": 1.0,
    "pt_BR": 0.4309360730593607,
    "cs": 0.5680643308443424,
    "tr": 0.5828603859250852,
    "de": 0.3887430737824439
}