{
    "ms": 0.3115665161514415, 
    "uk": 1.0, 
    "nl": 0.4713442167419243, 
    "es": 1.0, 
    "et": 0.37235151094129904, 
    "cs": 0.5800625217089267, 
    "de": 0.4723862452240361, 
    "tr": 0.6877387981938173, 
    "fr": 1.0, 
    "sv": 0.9829802014588399
}