{
    "cs": 0.6065911431513903, 
    "uk": 1.0, 
    "nl": 0.486096807415036, 
    "es": 1.0, 
    "et": 0.36388602814967386, 
    "fr": 1.0, 
    "de": 0.45382766906968763, 
    "tr": 0.663920357020254, 
    "ru": 0.5077239958805355, 
    "sv": 0.9917610710607621
}