{
    "fr": 1.0,
    "ta": 0.9615275007124537,
    "it": 0.5078901227352426,
    "es": 1.0,
    "pt_BR": 0.5296870429950278,
    "zh_CN": 1.0,
    "ar": 0.9934603355132215,
    "zh_TW": 0.3121677495569994,
    "uk": 1.0,
    "et": 0.30918727915194344,
    "cs": 0.5831360946745562,
    "sv": 0.9213961407491487,
    "de": 0.3898305084745763,
    "pl": 0.36798088410991636,
    "tr": 0.5885582201675816,
    "pt": 0.4161383285302594,
    "ru": 0.9977298524404086,
    "nl": 0.9044911881750994,
    "ja": 0.9877979568671964
}