{
    "fr": 1.0,
    "ta": 0.9372852233676976,
    "it": 0.4908823529411765,
    "es": 0.9785836664762992,
    "pt_BR": 0.517221077421254,
    "zh_CN": 0.9785836664762992,
    "ar": 0.9699570815450643,
    "zh_TW": 0.300148588410104,
    "uk": 1.0,
    "et": 0.30376742806288937,
    "cs": 0.5598927294398093,
    "sv": 0.9046259280411194,
    "de": 0.3875330785063217,
    "pl": 0.35076832151300236,
    "tr": 0.5767348114022459,
    "pt": 0.40545243619489557,
    "ru": 0.9740148486579098,
    "nl": 0.8812929061784897,
    "ja": 0.9737292975442604
}