{
    "sv": 0.9863115057343692, 
    "tr": 0.7521272660007399, 
    "de": 0.462079171291158, 
    "nl": 0.38253792082870886, 
    "fr": 0.9966703662597114, 
    "es": 0.9885312615612283, 
    "cs": 0.5286718460969293, 
    "uk": 0.9966703662597114
}