{
    "et": 0.37321739130434783, 
    "cs": 0.5050434782608696, 
    "fr": 1.0, 
    "es": 1.0, 
    "ms": 0.3085217391304348, 
    "de": 0.4469565217391304, 
    "sv": 0.9763478260869565, 
    "tr": 0.6890434782608695, 
    "uk": 1.0, 
    "nl": 0.456
}