{
    "tr": 0.687630298818624, 
    "uk": 1.0, 
    "de": 0.47255038220986795, 
    "cs": 0.5069492703266157, 
    "es": 1.0, 
    "et": 0.37352328005559415, 
    "ms": 0.31202223766504517, 
    "fr": 1.0, 
    "sv": 0.9840166782487839, 
    "nl": 0.4555246699096595
}