{
    "de": 0.44937150837988826, 
    "cs": 0.5003491620111732, 
    "et": 0.3645251396648045, 
    "nl": 0.4333100558659218, 
    "ms": 0.3079608938547486, 
    "sv": 0.9738128491620112, 
    "fr": 1.0, 
    "es": 0.9996508379888268, 
    "tr": 0.6934357541899442, 
    "uk": 1.0
}