{
    "fr": 1.0,
    "ta": 0.93725156161272,
    "it": 0.49387755102040815,
    "es": 0.9773499433748585,
    "pt_BR": 0.5185293259410563,
    "zh_CN": 0.9773499433748585,
    "ar": 0.969645390070922,
    "zh_TW": 0.30456553755522825,
    "uk": 1.0,
    "et": 0.3052043516612761,
    "cs": 0.5623154164205553,
    "sv": 0.9040203850509626,
    "de": 0.38851646750218594,
    "pl": 0.35442296426479203,
    "tr": 0.5767348114022459,
    "pt": 0.4077055779183439,
    "ru": 0.9731030577576444,
    "nl": 0.8808848553601815,
    "ja": 0.9725368063420159
}