{
    "fr": 1.0,
    "ta": 0.9371444823663254,
    "it": 0.49386682242990654,
    "es": 1.0,
    "pt_BR": 0.5183887915936952,
    "zh_CN": 1.0,
    "ar": 0.9695936345552714,
    "zh_TW": 0.30456553755522825,
    "uk": 1.0,
    "et": 0.3052043516612761,
    "cs": 0.5623154164205553,
    "sv": 0.9118230791040545,
    "de": 0.38851646750218594,
    "pl": 0.3537694338515694,
    "tr": 0.5769896193771626,
    "pt": 0.4075352315214265,
    "ru": 0.973057288712422,
    "nl": 0.8809997159897757,
    "ja": 1.0
}