{
    "uk": 1.0,
    "es": 1.0,
    "sv": 0.9097043701799485,
    "ru": 0.9122750642673522,
    "de": 0.4190231362467866,
    "pt_BR": 0.30109254498714655,
    "nl": 0.43412596401028275,
    "tr": 0.5568766066838047,
    "fr": 0.9395886889460154,
    "pt": 0.30526992287917737,
    "et": 0.3296915167095116,
    "cs": 0.5951156812339332
}