{
    "pl": 0.3682795698924731,
    "et": 0.3125371360665478,
    "ta": 0.9860343322665115,
    "zh_CN": 0.9054957836580402,
    "zh_TW": 0.3133136094674556,
    "fr": 1.0,
    "it": 0.5076877587226494,
    "sv": 0.938135347081034,
    "uk": 1.0,
    "pt": 0.4174364896073903,
    "ja": 0.9079754601226994,
    "nl": 0.6738235294117647,
    "ru": 0.9732324701774804,
    "es": 1.0,
    "pt_BR": 0.5304014167650531,
    "cs": 0.5856502242152466,
    "tr": 0.5963168664133295,
    "de": 0.3970193740685544
}