{
    "uk": 1.0, 
    "fr": 1.0, 
    "nl": 0.3951612903225806, 
    "sv": 0.9915689149560117, 
    "es": 1.0, 
    "cs": 0.5282258064516129, 
    "de": 0.44868035190615835, 
    "tr": 0.7349706744868035
}