{
    "uk": 0.9995523724261415,
    "zh_CN": 0.41584601611459265,
    "ms": 0.36974037600716203,
    "es": 0.9964189794091316,
    "sv": 0.9650850492390332,
    "ru": 0.8043867502238138,
    "de": 0.5250671441360788,
    "pt_BR": 0.40868397493285585,
    "nl": 0.5608773500447628,
    "tr": 0.554610564010743,
    "fr": 0.9995523724261415,
    "pt": 0.3307967770814682,
    "el": 0.35004476275738583,
    "et": 0.43912264995523725,
    "cs": 0.8106535362578334
}