{
    "tr": 0.7374219610723467, 
    "cs": 0.5273595299302241, 
    "de": 0.4506059493206023, 
    "uk": 1.0, 
    "sv": 0.991920675725303, 
    "nl": 0.37532133676092544, 
    "es": 1.0, 
    "fr": 1.0
}