{
    "uk": 1.0,
    "it": 0.3273753527751646,
    "es": 1.0,
    "sv": 0.9081216682345563,
    "ru": 0.9990592662276576,
    "de": 0.40388836625901536,
    "nl": 0.6296644716211979,
    "tr": 0.5315145813734713,
    "fr": 1.0,
    "pt": 0.30761994355597366,
    "et": 0.33239259956099093,
    "cs": 0.5964252116650988
}