{
    "tr": 0.7349706744868035, 
    "sv": 0.9901026392961877, 
    "uk": 0.9978005865102639, 
    "de": 0.44868035190615835, 
    "fr": 1.0, 
    "es": 0.9978005865102639, 
    "nl": 0.3940615835777126, 
    "cs": 0.5260263929618768
}