{
    "uk": 1.0,
    "es": 1.0,
    "sv": 0.9087202007528231,
    "ru": 0.9896486825595985,
    "de": 0.4043287327478043,
    "nl": 0.622961104140527,
    "tr": 0.5316813048933501,
    "fr": 1.0,
    "pt": 0.30771643663739023,
    "et": 0.33281053952321205,
    "cs": 0.5962986198243413
}