{
    "pl": 0.34190077704722055,
    "et": 0.3096891035315424,
    "fr": 1.0,
    "it": 0.41989931892212023,
    "sv": 0.8883652430044182,
    "uk": 1.0,
    "pt": 0.4070008899436369,
    "ja": 0.9597275688480901,
    "nl": 0.7142857142857143,
    "ru": 1.0,
    "es": 1.0,
    "pt_BR": 0.4145976667663775,
    "cs": 0.5733133433283358,
    "tr": 0.6000590318772137,
    "de": 0.3859702399028242
}