{
    "pl": 0.34190077704722055,
    "et": 0.3096891035315424,
    "zh_CN": 0.3367316341829085,
    "fr": 1.0,
    "it": 0.41989931892212023,
    "sv": 0.8880706921944035,
    "uk": 1.0,
    "pt": 0.4070008899436369,
    "ja": 0.9594314480307966,
    "nl": 0.7139893301719028,
    "ru": 0.9997054491899853,
    "es": 0.9997054491899853,
    "pt_BR": 0.42485808186435614,
    "cs": 0.573696824445776,
    "tr": 0.5997638724911453,
    "de": 0.3859702399028242
}