{
    "nl": 0.47064953108718305, 
    "fr": 1.0, 
    "ms": 0.31121917332407084, 
    "tr": 0.687044112539076, 
    "uk": 1.0, 
    "de": 0.47481764501563045, 
    "cs": 0.5800625217089267, 
    "et": 0.37200416811392845, 
    "sv": 0.9854116012504341, 
    "es": 1.0
}