{
    "pl": 0.34190077704722055,
    "et": 0.3096891035315424,
    "zh_CN": 0.39282511210762333,
    "fr": 1.0,
    "it": 0.4385499557913351,
    "sv": 0.896551724137931,
    "uk": 1.0,
    "pt": 0.4071344339622642,
    "ja": 0.9591353272135031,
    "nl": 0.7139893301719028,
    "ru": 0.9991233196960841,
    "es": 0.9997080291970802,
    "pt_BR": 0.42865653857610964,
    "cs": 0.573696824445776,
    "tr": 0.5997638724911453,
    "de": 0.3859702399028242
}