{
    "uk": 1.0,
    "zh_CN": 0.4200626959247649,
    "ms": 0.3716972682489924,
    "es": 1.0,
    "sv": 0.9612299465240641,
    "ru": 0.812360053739364,
    "de": 0.5257501119570085,
    "pt_BR": 0.41110613524406625,
    "nl": 0.5610516934046346,
    "tr": 0.5584415584415584,
    "fr": 0.9986565158978952,
    "pt": 0.3293226381461676,
    "el": 0.35244066278549036,
    "et": 0.4393193013882669,
    "cs": 0.8110165696372593
}