{
    "pl": 0.3456896551724138,
    "et": 0.3051629650995097,
    "ta": 0.9794828555368185,
    "zh_CN": 0.6801943412403544,
    "fr": 1.0,
    "it": 0.4405336361055918,
    "sv": 0.8807313642756681,
    "uk": 1.0,
    "pt": 0.4091037602487984,
    "ja": 0.9348072562358276,
    "nl": 0.7019039499857914,
    "ru": 0.9780714084903008,
    "es": 1.0,
    "pt_BR": 0.4312214611872146,
    "cs": 0.5680643308443424,
    "tr": 0.583427922814983,
    "de": 0.3887430737824439
}