{
    "cs": 0.52766581165262, 
    "et": 0.33895199706852325, 
    "es": 1.0, 
    "tr": 0.7339684866251374, 
    "uk": 1.0, 
    "de": 0.44814950531330155, 
    "sv": 0.9930377427629168, 
    "nl": 0.39465005496518873, 
    "fr": 1.0
}