{
    "es": 1.0, 
    "ms": 0.30691340782122906, 
    "et": 0.3704608938547486, 
    "uk": 1.0, 
    "nl": 0.45670391061452514, 
    "sv": 0.9724162011173184, 
    "fr": 1.0, 
    "tr": 0.6909916201117319, 
    "de": 0.44727653631284914, 
    "cs": 0.4996508379888268
}