{
    "fr": 1.0, 
    "pt_BR": 0.30957767722473606, 
    "es": 1.0, 
    "sv": 1.0, 
    "nl": 0.45625942684766213, 
    "de": 0.5840874811463047, 
    "cs": 0.5290346907993967, 
    "tr": 0.9607843137254902
}