{
    "uk": 1.0,
    "es": 1.0,
    "sv": 0.9084617804340988,
    "ru": 1.0,
    "de": 0.407989933941491,
    "nl": 0.4885184020132117,
    "tr": 0.5419943378420887,
    "fr": 0.9959106637307329,
    "pt": 0.3051273985530041,
    "et": 0.33595470273670963,
    "cs": 0.5983013526266121
}