{
    "uk": 1.0, 
    "et": 0.369475138121547, 
    "fr": 1.0, 
    "nl": 0.4699585635359116, 
    "sv": 0.9785911602209945, 
    "es": 1.0, 
    "ms": 0.3076657458563536, 
    "cs": 0.5787292817679558, 
    "de": 0.4661602209944751, 
    "tr": 0.6830110497237569
}