{
    "ms": 0.3119138589788121, 
    "cs": 0.5067731851337269, 
    "tr": 0.6873914553664466, 
    "sv": 0.9836748871135811, 
    "uk": 0.9996526571726294, 
    "de": 0.4723862452240361, 
    "fr": 0.9996526571726294, 
    "et": 0.3733935394234109, 
    "es": 0.9996526571726294, 
    "nl": 0.455366446682876
}