{
    "fr": 1.0,
    "ta": 0.9737903225806451,
    "it": 0.5076877587226494,
    "es": 1.0,
    "pt_BR": 0.5352611389790499,
    "zh_CN": 0.9103448275862069,
    "ar": 0.9994292237442922,
    "zh_TW": 0.3133136094674556,
    "uk": 1.0,
    "et": 0.3125371360665478,
    "cs": 0.5853512705530642,
    "sv": 0.9316805995964255,
    "de": 0.3970193740685544,
    "pl": 0.3682795698924731,
    "tr": 0.5963168664133295,
    "pt": 0.4174364896073903,
    "ru": 0.9994292237442922,
    "nl": 0.6630907509423021,
    "ja": 0.8970503181029497
}