{
    "uk": 1.0,
    "zh_CN": 0.3022497554613629,
    "es": 0.9256602543201826,
    "sv": 0.921747636126508,
    "ru": 0.9126181936746006,
    "de": 0.42647538311053146,
    "pt_BR": 0.30714052820345616,
    "nl": 0.4424519074013694,
    "tr": 0.5660254320182588,
    "fr": 0.9054450603195305,
    "pt": 0.31170524942940986,
    "et": 0.33452885555917833,
    "cs": 0.6025432018258885
}