{
    "pl": 0.3696172248803828,
    "et": 0.31436233611442194,
    "ta": 0.9915278995033596,
    "zh_CN": 0.9117217187956738,
    "fr": 1.0,
    "it": 0.5088704908338262,
    "sv": 0.937262912168077,
    "uk": 1.0,
    "pt": 0.4191476941039113,
    "ja": 0.9142437591776799,
    "nl": 0.6759941089837997,
    "ru": 0.9798186604270255,
    "es": 1.0,
    "pt_BR": 0.5096182302456348,
    "cs": 0.5875486381322957,
    "tr": 0.6007056748015289,
    "de": 0.4012758201701094
}