{
    "uk": 1.0,
    "zh_CN": 0.41007512152010606,
    "ms": 0.3641184268669907,
    "es": 1.0,
    "sv": 0.9611135660627486,
    "ru": 0.7927529827662395,
    "de": 0.5201060539107379,
    "pt_BR": 0.41007512152010606,
    "nl": 0.5536897923110915,
    "tr": 0.5461776403004861,
    "fr": 1.0,
    "pt": 0.32744144940344677,
    "el": 0.345558992487848,
    "et": 0.43305346884666374,
    "cs": 0.8099867432611577
}