{
    "uk": 1.0,
    "zh_CN": 0.32002639392939625,
    "es": 1.0,
    "sv": 0.9653579676674365,
    "ru": 0.7687231936654569,
    "de": 0.42758165621906963,
    "pt_BR": 0.3213460903992082,
    "nl": 0.4671725503134279,
    "tr": 0.6067304519960409,
    "fr": 1.0,
    "pt": 0.33784229627185747,
    "et": 0.3500494886176179,
    "cs": 0.6120092378752887
}