{
    "et": 0.36404109589041095, 
    "uk": 1.0, 
    "fr": 1.0, 
    "ru": 0.36575342465753424, 
    "es": 1.0, 
    "nl": 0.4773972602739726, 
    "sv": 0.9917808219178083, 
    "de": 0.4565068493150685, 
    "cs": 0.6095890410958904, 
    "tr": 0.6671232876712329
}