{
    "uk": 1.0,
    "es": 0.9996854356715948,
    "sv": 0.9084617804340988,
    "ru": 0.9971689210443536,
    "de": 0.40767536961308587,
    "nl": 0.4863164517143756,
    "tr": 0.5385341302296319,
    "fr": 0.9996854356715948,
    "pt": 0.3041837055677886,
    "et": 0.3356401384083045,
    "cs": 0.5983013526266121
}