{
    "et": 0.3658787255909558, 
    "tr": 0.671120246659815, 
    "cs": 0.6060294621445701, 
    "de": 0.4580335731414868, 
    "uk": 1.0, 
    "sv": 0.9917780061664954, 
    "nl": 0.4724220623501199, 
    "es": 1.0, 
    "ru": 0.3066118533744433, 
    "fr": 1.0
}