{
    "fr": 1.0,
    "ta": 0.9704108014938236,
    "it": 0.5132743362831859,
    "es": 1.0,
    "pt_BR": 0.5349660666863382,
    "zh_CN": 0.9180187873612298,
    "ar": 0.9960148021633931,
    "zh_TW": 0.3133136094674556,
    "uk": 1.0,
    "et": 0.3125371360665478,
    "cs": 0.5886567164179104,
    "sv": 0.9222886421861657,
    "de": 0.3970193740685544,
    "pl": 0.36798088410991636,
    "tr": 0.5960245542239111,
    "pt": 0.4174364896073903,
    "ru": 0.9965841161400513,
    "nl": 0.6604973973395026,
    "ja": 0.9376601195559351
}