{
    "pl": 0.3441247002398082,
    "fr_CA": 0.9581105169340464,
    "et": 0.3115151515151515,
    "fr": 0.9970475346914673,
    "it": 0.3887222555488902,
    "sv": 0.8850370370370371,
    "uk": 0.9994095069382934,
    "pt": 0.40778140778140776,
    "ja": 0.9652406417112299,
    "nl": 0.7214093759331144,
    "ru": 0.9875444839857651,
    "es_MX": 0.9382055852644088,
    "es": 0.998819013876587,
    "pt_BR": 0.41379310344827586,
    "cs": 0.5742633794347565,
    "tr": 0.5172205438066465,
    "de": 0.3879415347137637
}