{
    "pl": 0.3526542324246772,
    "et": 0.3044982698961938,
    "ta": 0.9890878567431449,
    "zh_CN": 0.8897902097902098,
    "fr": 1.0,
    "it": 0.4924865324638503,
    "sv": 0.8818105616093881,
    "uk": 1.0,
    "pt": 0.40754292147481,
    "ja": 0.9208087615838247,
    "nl": 0.6908783783783784,
    "ru": 0.9918881118881119,
    "es": 1.0,
    "pt_BR": 0.4919103037184218,
    "cs": 0.5649928263988522,
    "tr": 0.5766957500703631,
    "de": 0.38746355685131195
}