{
    "pl": 0.3460030165912519,
    "fr_CA": 0.9679064187162567,
    "et": 0.31416335270724993,
    "fr": 0.9952508162659542,
    "it": 0.3887222555488902,
    "sv": 0.889618138424821,
    "uk": 1.0,
    "pt": 0.41312857573020173,
    "ja": 0.9751049790041991,
    "nl": 0.7248201438848921,
    "ru": 0.9964114832535885,
    "es_MX": 0.9478104379124175,
    "es": 0.9994038748137108,
    "pt_BR": 0.41696859903381644,
    "cs": 0.5759493670886076,
    "tr": 0.5082317073170731,
    "de": 0.3879415347137637
}