{
    "de": 0.4620926243567753, 
    "cs": 0.5982847341337907, 
    "tr": 0.6765008576329331, 
    "ms": 0.302229845626072, 
    "et": 0.36981132075471695, 
    "fr": 1.0, 
    "ru": 0.3101200686106346, 
    "es": 1.0, 
    "nl": 0.4806174957118353, 
    "sv": 0.9897084048027445, 
    "uk": 1.0
}