{
    "uk": 1.0,
    "it": 0.39573534023204765,
    "es": 0.9996864220758859,
    "sv": 0.9087488240827846,
    "ru": 0.9990592662276576,
    "de": 0.4045155221072437,
    "nl": 0.746629037315773,
    "tr": 0.5290059579805582,
    "fr": 1.0,
    "pt": 0.30950141110065854,
    "et": 0.32831608654750705,
    "cs": 0.5957980558168705
}