{
    "ru": 0.5550978372811535, 
    "fr": 1.0, 
    "sv": 0.9907312049433573, 
    "nl": 0.486096807415036, 
    "es": 1.0, 
    "et": 0.3631994507380707, 
    "cs": 0.6065911431513903, 
    "de": 0.45314109165808447, 
    "uk": 1.0, 
    "tr": 0.6632337796086509
}