{
    "pl": 0.3463046757164404,
    "fr_CA": 0.9729486023444545,
    "et": 0.31416335270724993,
    "fr": 0.9997006884166417,
    "it": 0.3887222555488902,
    "sv": 0.8802036537885595,
    "uk": 1.0,
    "pt": 0.41312857573020173,
    "ja": 0.9801623083859333,
    "nl": 0.7308157099697885,
    "ru": 0.9997006884166417,
    "es_MX": 0.9528103396453261,
    "es": 1.0,
    "pt_BR": 0.4142512077294686,
    "cs": 0.5762609483539716,
    "tr": 0.5107099143206855,
    "de": 0.3879415347137637
}