{
    "es": 0.9977477477477478, 
    "sv": 1.0, 
    "cs": 0.5356606606606606, 
    "uk": 1.0, 
    "nl": 0.3963963963963964, 
    "de": 0.46283783783783783, 
    "tr": 0.7762762762762763, 
    "fr": 0.9984984984984985
}