{
    "pl": 0.35216518497275595,
    "et": 0.3044982698961938,
    "ta": 0.9818941504178273,
    "zh_CN": 0.8861924686192468,
    "fr": 0.9988864142538976,
    "it": 0.4929617117117117,
    "sv": 0.8815311539536184,
    "uk": 0.9988864142538976,
    "pt": 0.40571588680302606,
    "ja": 0.914733016494269,
    "nl": 0.6862910008410429,
    "ru": 0.984683932052353,
    "es": 0.9972175848636616,
    "pt_BR": 0.4919103037184218,
    "cs": 0.5645438898450946,
    "tr": 0.5766957500703631,
    "de": 0.38746355685131195
}