{
    "uk": 1.0,
    "zh_CN": 0.3203563180468492,
    "es": 1.0,
    "sv": 0.9646981194325305,
    "ru": 0.7683932695480039,
    "de": 0.42857142857142855,
    "pt_BR": 0.3213460903992082,
    "nl": 0.4675024744308809,
    "tr": 0.6077202243483999,
    "fr": 1.0,
    "pt": 0.31474760805014845,
    "et": 0.3500494886176179,
    "cs": 0.6096997690531177
}