{
    "fr": 1.0, 
    "nl": 0.4555246699096595, 
    "de": 0.47255038220986795, 
    "sv": 0.9847116052814454, 
    "tr": 0.6883252258512856, 
    "ms": 0.31202223766504517, 
    "et": 0.37352328005559415, 
    "cs": 0.5052119527449618, 
    "es": 1.0, 
    "uk": 1.0
}