{
    "uk": 1.0,
    "zh_CN": 0.32058047493403696,
    "es": 0.9993403693931399,
    "sv": 0.9650395778364116,
    "ru": 0.6147757255936676,
    "de": 0.425131926121372,
    "pt_BR": 0.3238786279683377,
    "nl": 0.470976253298153,
    "tr": 0.6154353562005277,
    "fr": 1.0,
    "pt": 0.3100263852242744,
    "et": 0.35158311345646437,
    "cs": 0.6091688654353562
}