{
    "pl": 0.3456896551724138,
    "et": 0.30505050505050507,
    "ta": 0.9803149606299213,
    "zh_CN": 0.4322302158273381,
    "fr": 1.0,
    "it": 0.44049985799488783,
    "sv": 0.8809456797072897,
    "uk": 1.0,
    "pt": 0.40888511601584604,
    "ja": 0.9369497301902868,
    "nl": 0.7033029612756264,
    "ru": 0.9797297297297297,
    "pt_BR": 0.42996276138642225,
    "cs": 0.5681034482758621,
    "tr": 0.5834752981260647,
    "de": 0.3886781441494018,
    "es": 1.0
}