{
    "cs": 0.505387556482447, 
    "fr": 1.0, 
    "de": 0.44664581160931527, 
    "tr": 0.6882168925964547, 
    "ms": 0.3083072645116441, 
    "es": 1.0, 
    "et": 0.37365311087938824, 
    "sv": 0.9753215154675009, 
    "uk": 1.0, 
    "nl": 0.4556830031282586
}