{
    "sv": 0.9699825479930192, 
    "es": 1.0, 
    "et": 0.37102966841186735, 
    "uk": 1.0, 
    "nl": 0.4558464223385689, 
    "de": 0.44537521815008724, 
    "cs": 0.5029668411867365, 
    "fr": 1.0, 
    "ms": 0.3054101221640489, 
    "tr": 0.6890052356020943
}