{
    "pl": 0.34576757532281205,
    "et": 0.3044982698961938,
    "ta": 0.9977515458122541,
    "zh_CN": 0.8715570545250141,
    "fr": 1.0,
    "it": 0.4947517730496454,
    "sv": 0.8811129848229342,
    "uk": 1.0,
    "pt": 0.40882103477523324,
    "ja": 0.9319920657410031,
    "nl": 0.6997159090909091,
    "ru": 0.9792017987633502,
    "es": 1.0,
    "pt_BR": 0.4309360730593607,
    "cs": 0.5670399081251795,
    "tr": 0.5825766174801362,
    "de": 0.3883381924198251
}