{
    "ms": 0.3115665161514415, 
    "cs": 0.5071205279610976, 
    "de": 0.4723862452240361, 
    "tr": 0.6873914553664466, 
    "uk": 1.0, 
    "et": 0.37200416811392845, 
    "fr": 1.0, 
    "sv": 0.9829802014588399, 
    "nl": 0.46509204584925323, 
    "es": 1.0
}