{
    "tr": 0.733651726671565, 
    "de": 0.4570168993387215, 
    "cs": 0.5279206465833945, 
    "et": 0.3537839823659074, 
    "fr": 1.0, 
    "sv": 0.9963262307127112, 
    "es": 1.0, 
    "uk": 0.9988978692138134, 
    "nl": 0.39419544452608374
}