{
    "cs": 0.49930216329378924, 
    "uk": 1.0, 
    "et": 0.3656664340544313, 
    "fr": 1.0, 
    "nl": 0.4567341242149337, 
    "es": 1.0, 
    "sv": 0.9724354501046755, 
    "tr": 0.6912072575017446, 
    "de": 0.44731332868108864, 
    "ms": 0.30704815073272856
}