{
    "nl": 0.4678930926761541, 
    "fr": 1.0, 
    "tr": 0.6827490454703228, 
    "sv": 0.9795209996528983, 
    "uk": 1.0, 
    "de": 0.4730996181881291, 
    "ms": 0.3103089205137105, 
    "es": 1.0, 
    "cs": 0.5824366539396043, 
    "et": 0.3713988198542173
}