{
    "fr": 1.0,
    "ta": 0.9735023041474654,
    "it": 0.5135693215339233,
    "es": 1.0,
    "pt_BR": 0.5352611389790499,
    "zh_CN": 0.9209474885844748,
    "ar": 0.9991438356164384,
    "zh_TW": 0.3133136094674556,
    "uk": 1.0,
    "et": 0.3125371360665478,
    "cs": 0.5889552238805971,
    "sv": 0.923230593607306,
    "de": 0.3970193740685544,
    "pl": 0.3682795698924731,
    "tr": 0.5963168664133295,
    "pt": 0.4174364896073903,
    "ru": 0.9997146118721462,
    "nl": 0.6628008118295158,
    "ja": 0.8906429391504018
}