{
    "pl": 0.34968017057569295,
    "fr_CA": 0.9869657471961201,
    "et": 0.316630802336305,
    "fr": 0.9990955682845946,
    "it": 0.39469578783151327,
    "sv": 0.8902991840435177,
    "uk": 1.0,
    "pt": 0.4201219512195122,
    "ja": 0.9924242424242424,
    "nl": 0.7242433506572914,
    "ru": 0.9924242424242424,
    "es_MX": 0.9666565625947257,
    "es": 1.0,
    "pt_BR": 0.4198170731707317,
    "cs": 0.583512105424456,
    "tr": 0.5141364474492932,
    "de": 0.3917589175891759
}