{
    "cs": 0.5279206465833945, 
    "de": 0.4570168993387215, 
    "tr": 0.733651726671565, 
    "fr": 1.0, 
    "es": 1.0, 
    "et": 0.3552534900808229, 
    "sv": 0.997060984570169, 
    "uk": 1.0, 
    "nl": 0.39419544452608374
}