{
    "de": 0.46397793864184766, 
    "sv": 0.9886246122026887, 
    "tr": 0.6797655980696312, 
    "fr": 1.0, 
    "ru": 0.3029989658738366, 
    "uk": 1.0, 
    "nl": 0.48328162702516375, 
    "et": 0.37125129265770423, 
    "cs": 0.5987590486039297, 
    "es": 0.9996552912788693, 
    "ms": 0.3047225094794898
}