{
    "ms": 0.30713547052740436, 
    "nl": 0.46949327817993797, 
    "tr": 0.6811444329541537, 
    "de": 0.4650120648052396, 
    "fr": 1.0, 
    "cs": 0.5794553602206136, 
    "es": 1.0, 
    "et": 0.36883833160978974, 
    "sv": 0.9800068941744227, 
    "uk": 1.0
}