{
    "pl": 0.34968017057569295,
    "fr_CA": 0.9792043399638336,
    "et": 0.31456548347613217,
    "fr": 1.0,
    "it": 0.3878603945371775,
    "sv": 0.8864799759108702,
    "uk": 1.0,
    "pt": 0.41591046581972174,
    "ja": 0.9846339258812895,
    "nl": 0.7213114754098361,
    "ru": 0.9846339258812895,
    "es_MX": 0.9590114526823388,
    "es": 1.0,
    "pt_BR": 0.4167424931756142,
    "cs": 0.5809698078682525,
    "tr": 0.5124118908979467,
    "de": 0.3917589175891759
}