{
    "pl": 0.3682795698924731,
    "et": 0.3125371360665478,
    "ta": 0.9743663594470046,
    "zh_CN": 0.8955094991364422,
    "zh_TW": 0.3133136094674556,
    "fr": 1.0,
    "it": 0.5076877587226494,
    "ar": 1.0,
    "sv": 0.9381712626995646,
    "uk": 1.0,
    "pt": 0.4174364896073903,
    "ja": 0.8979178716020821,
    "nl": 0.6639605682806611,
    "ru": 0.976027397260274,
    "es": 1.0,
    "pt_BR": 0.5304014167650531,
    "cs": 0.5856502242152466,
    "tr": 0.5963168664133295,
    "de": 0.3970193740685544
}