{
    "cs": 0.5239498894620487, 
    "es": 0.9941046425939573, 
    "uk": 1.0, 
    "de": 0.4539425202652911, 
    "tr": 0.74207811348563, 
    "sv": 0.9941046425939573, 
    "fr": 1.0, 
    "nl": 0.37546057479734707
}