{
    "fr": 1.0, 
    "nl": 0.474442538593482, 
    "ru": 0.30360205831903947, 
    "sv": 0.9917667238421956, 
    "de": 0.4593481989708405, 
    "uk": 1.0, 
    "tr": 0.6740994854202401, 
    "es": 1.0, 
    "et": 0.36672384219554033, 
    "cs": 0.5962264150943396
}