{
    "uk": 1.0,
    "zh_CN": 0.3194078947368421,
    "es": 0.9950657894736842,
    "sv": 0.9625,
    "ru": 0.8141447368421053,
    "de": 0.4263157894736842,
    "pt_BR": 0.3203947368421053,
    "nl": 0.46611842105263157,
    "tr": 0.6042763157894737,
    "fr": 0.9986842105263158,
    "pt": 0.33651315789473685,
    "et": 0.3493421052631579,
    "cs": 0.6105263157894737
}