{
    "es": 1.0, 
    "et": 0.37321739130434783, 
    "cs": 0.5050434782608696, 
    "ms": 0.3085217391304348, 
    "sv": 0.976, 
    "tr": 0.6893913043478261, 
    "uk": 1.0, 
    "de": 0.4469565217391304, 
    "nl": 0.4563478260869565, 
    "fr": 1.0
}