{
    "pl": 0.34597701149425286,
    "et": 0.30478662053056516,
    "ta": 0.9980326025857224,
    "zh_CN": 0.8718381112984823,
    "fr": 1.0,
    "it": 0.4947517730496454,
    "sv": 0.8796061884669479,
    "uk": 1.0,
    "pt": 0.4091037602487984,
    "ja": 0.932275432133749,
    "nl": 0.7,
    "ru": 0.9797639123102867,
    "es": 0.9991568296795953,
    "pt_BR": 0.4309360730593607,
    "cs": 0.56732701693942,
    "tr": 0.5828603859250852,
    "de": 0.3883381924198251
}