{
    "pl": 0.3492691839220463,
    "fr_CA": 0.9776772247360482,
    "et": 0.31456548347613217,
    "fr": 0.9990977443609023,
    "it": 0.39176506206478956,
    "sv": 0.8841408365934397,
    "uk": 1.0,
    "pt": 0.4162375037867313,
    "ja": 0.9849170437405732,
    "nl": 0.7358662613981763,
    "ru": 0.9993988578298768,
    "es_MX": 0.9574660633484163,
    "es": 1.0,
    "pt_BR": 0.41676792223572295,
    "cs": 0.5810975609756097,
    "tr": 0.5111723293541476,
    "de": 0.3917589175891759
}