{
    "uk": 1.0,
    "it": 0.3944810285355911,
    "es": 0.9996864220758859,
    "sv": 0.9087488240827846,
    "ru": 1.0,
    "de": 0.4045155221072437,
    "nl": 0.7475697710881154,
    "tr": 0.5296331138287864,
    "fr": 1.0,
    "pt": 0.30950141110065854,
    "et": 0.32894324239573536,
    "cs": 0.5957980558168705
}