{
    "uk": 1.0,
    "es": 1.0,
    "sv": 0.907682579829276,
    "ru": 1.0,
    "de": 0.4100537464432501,
    "nl": 0.4543155232374328,
    "tr": 0.5450521656655074,
    "fr": 1.0,
    "pt": 0.30603857097692067,
    "et": 0.33765412582990834,
    "cs": 0.5978501422699969
}