{
    "fr": 1.0, 
    "et": 0.3658621895767751, 
    "uk": 1.0, 
    "sv": 0.9699195522910108, 
    "es": 0.9982511367611053, 
    "ms": 0.30640083945435465, 
    "nl": 0.38964672962574326, 
    "tr": 0.6970968870234348, 
    "de": 0.4508569429870584, 
    "cs": 0.5033228401538999
}