{
    "uk": 1.0,
    "es": 0.9996862252902416,
    "sv": 0.9086915594603076,
    "ru": 0.9993724505804832,
    "de": 0.4079071226859115,
    "nl": 0.5032946344524631,
    "tr": 0.5365547536868528,
    "fr": 0.9993724505804832,
    "pt": 0.307812990272984,
    "et": 0.3347976153122058,
    "cs": 0.5989959209287732
}