{
    "et": 0.36538461538461536, 
    "sv": 0.9737762237762237, 
    "es": 1.0, 
    "nl": 0.39125874125874127, 
    "uk": 1.0, 
    "tr": 0.6958041958041958, 
    "cs": 0.5034965034965035, 
    "de": 0.45, 
    "fr": 1.0, 
    "ms": 0.30594405594405594
}