{
    "et": 0.32748354747727987,
    "fr": 0.9987492182614134,
    "it": 0.3954873080539016,
    "sv": 0.9168230143839899,
    "uk": 1.0,
    "pt": 0.3102475712942651,
    "nl": 0.7452209338765278,
    "ru": 0.9987492182614134,
    "es": 0.99906191369606,
    "cs": 0.5960513945471639,
    "tr": 0.5280476339705421,
    "de": 0.40363522406769037
}