{
    "pl": 0.3463046757164404,
    "fr_CA": 0.9732491734295161,
    "et": 0.31416335270724993,
    "fr": 1.0,
    "it": 0.3887222555488902,
    "sv": 0.8805031446540881,
    "uk": 1.0,
    "pt": 0.4134296898524541,
    "ja": 0.9804628794709949,
    "nl": 0.7308157099697885,
    "ru": 0.9955035971223022,
    "es_MX": 0.9531109107303878,
    "es": 1.0,
    "pt_BR": 0.41455314009661837,
    "cs": 0.5762609483539716,
    "tr": 0.5107099143206855,
    "de": 0.3879415347137637
}