{
    "pl": 0.34190077704722055,
    "et": 0.3096891035315424,
    "ta": 0.9997081144191476,
    "zh_CN": 0.4146487294469357,
    "fr": 1.0,
    "it": 0.4388446802239906,
    "sv": 0.8968740870581361,
    "uk": 1.0,
    "pt": 0.4067647058823529,
    "ja": 0.9591353272135031,
    "nl": 0.7139893301719028,
    "ru": 0.9991233196960841,
    "es": 0.999708284714119,
    "pt_BR": 0.42865653857610964,
    "cs": 0.5733093955715141,
    "tr": 0.5997638724911453,
    "de": 0.3859702399028242
}