{
    "et": 0.31693821088226254,
    "fr": 1.0,
    "it": 0.39524702939337086,
    "sv": 0.8945121951219512,
    "uk": 1.0,
    "pt": 0.4212130448034136,
    "ja": 0.9993911719939117,
    "nl": 0.7212009803921569,
    "ru": 1.0,
    "es": 1.0,
    "pt_BR": 0.42090825967692774,
    "cs": 0.5843041079092581,
    "tr": 0.5144437615242778,
    "de": 0.3931755302797418,
    "fr_CA": 0.9954337899543378,
    "es_MX": 0.9753424657534246
}