{
    "et": 0.32831608654750705,
    "fr": 1.0,
    "it": 0.39573534023204765,
    "sv": 0.9087488240827846,
    "uk": 1.0,
    "pt": 0.30950141110065854,
    "nl": 0.746629037315773,
    "ru": 1.0,
    "es": 1.0,
    "cs": 0.5957980558168705,
    "tr": 0.5290059579805582,
    "de": 0.40514267795547193
}