{
    "uk": 1.0,
    "zh_CN": 0.4168949771689498,
    "ms": 0.3821917808219178,
    "es": 1.0,
    "sv": 0.9986301369863013,
    "ru": 0.808675799086758,
    "de": 0.5452054794520548,
    "pt_BR": 0.3561643835616438,
    "nl": 0.5767123287671233,
    "tr": 0.584931506849315,
    "fr": 1.0,
    "pt": 0.33424657534246577,
    "el": 0.336986301369863,
    "et": 0.4442922374429224,
    "cs": 0.806392694063927
}