{
    "de": 0.5365391897008709, 
    "cs": 0.47974252177205606, 
    "tr": 0.9700870882241576, 
    "fr": 1.0, 
    "pt_BR": 0.3032942067398713, 
    "nl": 0.3631200302915562, 
    "sv": 1.0, 
    "es": 0.9469897765997728
}