{
    "pl": 0.36692583732057416,
    "et": 0.31436233611442194,
    "ta": 0.9932768196433791,
    "zh_CN": 0.9123063431745104,
    "fr": 1.0,
    "it": 0.5090209997042295,
    "sv": 0.9182481751824818,
    "uk": 1.0,
    "pt": 0.42026869158878505,
    "ja": 0.9130690161527166,
    "nl": 0.6762886597938145,
    "ru": 0.9804036267914595,
    "es": 1.0,
    "pt_BR": 0.5112692763938316,
    "cs": 0.587847949715654,
    "tr": 0.6012937371361364,
    "de": 0.40219044721630665
}