{
    "pl": 0.3463046757164404,
    "fr_CA": 0.9735497445145777,
    "et": 0.31416335270724993,
    "fr": 0.9961077844311377,
    "it": 0.3887222555488902,
    "sv": 0.8808026355196167,
    "uk": 1.0,
    "pt": 0.4134296898524541,
    "ja": 0.9807634505560565,
    "nl": 0.7311178247734139,
    "ru": 0.9958033573141487,
    "es_MX": 0.9534114818154493,
    "es": 0.9997005988023953,
    "pt_BR": 0.41394927536231885,
    "cs": 0.5759589247961341,
    "tr": 0.5107099143206855,
    "de": 0.3879415347137637
}