{
    "es": 1.0, 
    "cs": 0.5034989503149055, 
    "et": 0.36599020293911827, 
    "nl": 0.37508747375787266, 
    "ms": 0.3072078376487054, 
    "fr": 1.0, 
    "tr": 0.6983904828551435, 
    "sv": 0.9657102869139258, 
    "de": 0.4517144856543037, 
    "uk": 1.0
}