{
    "uk": 1.0, 
    "pt": 0.30874785591766724, 
    "et": 0.36295025728987995, 
    "fr": 1.0, 
    "nl": 0.4939965694682676, 
    "sv": 0.99073756432247, 
    "es": 1.0, 
    "ru": 0.5530017152658662, 
    "cs": 0.6061749571183533, 
    "de": 0.4490566037735849, 
    "tr": 0.6583190394511149
}