{
    "pl": 0.34576757532281205,
    "et": 0.3044982698961938,
    "ta": 0.9977515458122541,
    "zh_CN": 0.8715570545250141,
    "fr": 1.0,
    "it": 0.49418439716312057,
    "sv": 0.8802698145025295,
    "uk": 1.0,
    "pt": 0.40882103477523324,
    "ja": 0.9319920657410031,
    "nl": 0.6997159090909091,
    "ru": 0.9792017987633502,
    "es": 0.9994378864530635,
    "pt_BR": 0.4306506849315068,
    "cs": 0.5670399081251795,
    "tr": 0.5825766174801362,
    "de": 0.3883381924198251
}