{
    "uk": 1.0,
    "zh_CN": 0.420627802690583,
    "ms": 0.37533632286995516,
    "es": 1.0,
    "sv": 0.9847533632286996,
    "ru": 0.816591928251121,
    "de": 0.5349775784753363,
    "pt_BR": 0.35022421524663677,
    "nl": 0.5659192825112107,
    "tr": 0.5726457399103139,
    "fr": 1.0,
    "pt": 0.331390134529148,
    "el": 0.35336322869955156,
    "et": 0.4367713004484305,
    "cs": 0.8116591928251121
}