{
    "pl": 0.3696172248803828,
    "et": 0.31436233611442194,
    "ta": 0.9871981379109689,
    "zh_CN": 0.9077147016011645,
    "fr": 1.0,
    "it": 0.5088704908338262,
    "sv": 0.9380993897122929,
    "uk": 1.0,
    "pt": 0.41830254041570436,
    "ja": 0.9102076630593741,
    "nl": 0.6759941089837997,
    "ru": 0.9755316050101952,
    "es": 1.0,
    "pt_BR": 0.5119787045252884,
    "cs": 0.5875486381322957,
    "tr": 0.5979502196193265,
    "de": 0.3982116244411326
}