{
    "ru": 0.6181818181818182, 
    "pt": 0.30943396226415093, 
    "de": 0.4490566037735849, 
    "cs": 0.6061749571183533, 
    "zh_CN": 0.3300171526586621, 
    "tr": 0.6583190394511149, 
    "uk": 1.0, 
    "fr": 1.0, 
    "et": 0.36295025728987995, 
    "es": 1.0, 
    "nl": 0.4939965694682676, 
    "sv": 0.9917667238421956
}