{
    "et": 0.3654109589041096, 
    "sv": 0.9917808219178083, 
    "ru": 0.3061643835616438, 
    "es": 1.0, 
    "fr": 1.0, 
    "de": 0.45787671232876714, 
    "cs": 0.6099315068493151, 
    "nl": 0.4791095890410959, 
    "uk": 1.0, 
    "tr": 0.6691780821917809
}