{
    "nl": 0.46821008984105045, 
    "ms": 0.30787836903939186, 
    "cs": 0.5791292328956462, 
    "de": 0.4664823773324119, 
    "tr": 0.6834830684174154, 
    "et": 0.3697304768486524, 
    "uk": 1.0, 
    "fr": 0.9955079474775398, 
    "es": 1.0, 
    "sv": 0.9765031098825155
}