{
    "uk": 1.0,
    "zh_CN": 0.31419249592169657,
    "es": 0.9278955954323002,
    "sv": 0.9213703099510604,
    "ru": 0.8920065252854812,
    "de": 0.4029363784665579,
    "pt_BR": 0.31125611745513865,
    "nl": 0.45285481239804243,
    "tr": 0.5768352365415987,
    "fr": 0.9278955954323002,
    "pt": 0.31745513866231645,
    "et": 0.34192495921696575,
    "cs": 0.6029363784665579
}