{
    "uk": 1.0,
    "zh_CN": 0.420627802690583,
    "ms": 0.37533632286995516,
    "es": 0.9991031390134529,
    "sv": 0.9838565022421525,
    "ru": 0.8076233183856503,
    "de": 0.5349775784753363,
    "pt_BR": 0.35022421524663677,
    "nl": 0.5659192825112107,
    "tr": 0.5726457399103139,
    "fr": 1.0,
    "pt": 0.33004484304932735,
    "el": 0.35336322869955156,
    "et": 0.4367713004484305,
    "cs": 0.794170403587444
}