{
    "pl": 0.34576757532281205,
    "et": 0.3044982698961938,
    "ta": 0.9949452401010952,
    "zh_CN": 0.8900083963056256,
    "fr": 1.0,
    "it": 0.49418439716312057,
    "sv": 0.8784049424319011,
    "uk": 1.0,
    "pt": 0.4078243737686462,
    "ja": 0.9297848244620611,
    "nl": 0.6979846721544138,
    "ru": 0.998034811903425,
    "es": 1.0,
    "pt_BR": 0.49119818285065303,
    "cs": 0.5664656904966983,
    "tr": 0.5817975616671393,
    "de": 0.3877551020408163
}