{
    "pl": 0.34968017057569295,
    "fr_CA": 0.9896687936797326,
    "et": 0.316630802336305,
    "fr": 0.9945553539019963,
    "it": 0.39419475655430714,
    "sv": 0.8902660217654171,
    "uk": 1.0,
    "pt": 0.4201219512195122,
    "ja": 0.9951397326852977,
    "nl": 0.7247706422018348,
    "ru": 0.9951397326852977,
    "es_MX": 0.9693102400486174,
    "es": 0.9951397326852977,
    "pt_BR": 0.4198170731707317,
    "cs": 0.5839975475168608,
    "tr": 0.5141364474492932,
    "de": 0.3917589175891759
}