{
    "uk": 1.0,
    "zh_CN": 0.41098317094774134,
    "ms": 0.3649247121346324,
    "es": 1.0,
    "sv": 0.962356067316209,
    "ru": 0.7945084145261293,
    "de": 0.521257750221435,
    "pt_BR": 0.41054030115146145,
    "nl": 0.5549158547387069,
    "tr": 0.5473870682019486,
    "fr": 1.0,
    "pt": 0.3281665190434012,
    "el": 0.3463241806908769,
    "et": 0.43401240035429584,
    "cs": 0.8108945969884854
}