{
    "uk": 1.0,
    "es": 1.0,
    "sv": 0.9099841521394612,
    "ru": 0.9451664025356576,
    "de": 0.41109350237717907,
    "nl": 0.4259904912836767,
    "tr": 0.5464342313787639,
    "fr": 0.9904912836767037,
    "pt": 0.3068145800316957,
    "et": 0.33851030110935026,
    "cs": 0.599366085578447
}