{
    "uk": 1.0,
    "zh_CN": 0.4200626959247649,
    "ms": 0.37214509628302733,
    "es": 1.0,
    "sv": 0.9655172413793104,
    "ru": 0.8132557098074339,
    "de": 0.5266457680250783,
    "pt_BR": 0.41155396327810123,
    "nl": 0.5611285266457681,
    "tr": 0.5584415584415584,
    "fr": 1.0,
    "pt": 0.33139274518584866,
    "el": 0.35244066278549036,
    "et": 0.4393193013882669,
    "cs": 0.8110165696372593
}