{
    "et": 0.31693821088226254,
    "fr": 0.9853031230863442,
    "it": 0.39580068943904734,
    "sv": 0.8936235438381361,
    "uk": 1.0,
    "pt": 0.30341223486012914,
    "ja": 0.6605222734254992,
    "nl": 0.7212009803921569,
    "ru": 0.9742804654011022,
    "es": 1.0,
    "cs": 0.5832821143208359,
    "tr": 0.5144437615242778,
    "de": 0.3931755302797418
}