{
    "nl": 0.46756850502948316, 
    "uk": 1.0, 
    "et": 0.37114117238987165, 
    "cs": 0.5827263267429761, 
    "fr": 1.0, 
    "es": 1.0, 
    "tr": 0.6864377384668748, 
    "ms": 0.3100936524453694, 
    "de": 0.4727714186611169, 
    "sv": 0.9795352063822407
}