{
    "pl": 0.35294117647058826,
    "et": 0.3044982698961938,
    "ta": 0.9893676552881925,
    "zh_CN": 0.8900699300699301,
    "fr": 1.0,
    "it": 0.49277005954068615,
    "sv": 0.8797539149888143,
    "uk": 1.0,
    "pt": 0.4078243737686462,
    "ja": 0.9210895815782084,
    "nl": 0.6911599099099099,
    "ru": 0.9921678321678322,
    "es": 1.0,
    "pt_BR": 0.4921941527107579,
    "cs": 0.5652797704447633,
    "tr": 0.5769772023641992,
    "de": 0.3877551020408163
}