{
    "pl": 0.3441247002398082,
    "fr_CA": 0.9598333829217495,
    "et": 0.3115151515151515,
    "fr": 1.0,
    "it": 0.3887222555488902,
    "sv": 0.8850370370370371,
    "uk": 1.0,
    "pt": 0.40778140778140776,
    "ja": 0.9669741148467718,
    "nl": 0.7227870813397129,
    "ru": 0.9893079893079894,
    "es_MX": 0.9398988396310621,
    "es": 0.9988162178159219,
    "pt_BR": 0.41379310344827586,
    "cs": 0.5742633794347565,
    "tr": 0.5169184290030211,
    "de": 0.3879415347137637
}