{
    "uk": 1.0,
    "es": 0.9996839443742098,
    "sv": 0.9080278128950695,
    "ru": 1.0,
    "de": 0.40992414664981036,
    "nl": 0.4778761061946903,
    "tr": 0.5445638432364096,
    "fr": 1.0,
    "pt": 0.3065739570164349,
    "et": 0.33754740834386854,
    "cs": 0.5976611883691529
}