{
    "uk": 1.0,
    "zh_CN": 0.42290351668169524,
    "ms": 0.37736699729486023,
    "es": 1.0,
    "sv": 0.9896302975653742,
    "ru": 0.8119927862939585,
    "de": 0.5378719567177638,
    "pt_BR": 0.3521190261496844,
    "nl": 0.5689810640216412,
    "tr": 0.5757439134355276,
    "fr": 1.0,
    "pt": 0.3322813345356177,
    "el": 0.35482416591523896,
    "et": 0.43913435527502254,
    "cs": 0.7984670874661858
}