{
    "sv": 0.9745022703457912, 
    "tr": 0.6950750960530911, 
    "de": 0.4495284666433811, 
    "ms": 0.3056234718826406, 
    "nl": 0.39818372336709745, 
    "fr": 1.0, 
    "es": 1.0, 
    "et": 0.36500174641983935, 
    "cs": 0.5029689137268599, 
    "uk": 1.0
}