{
    "et": 0.370434183321847, 
    "ru": 0.3035837353549276, 
    "es": 1.0, 
    "nl": 0.48345968297725705, 
    "uk": 1.0, 
    "tr": 0.680565127498277, 
    "cs": 0.5988973121984839, 
    "de": 0.46450723638869745, 
    "sv": 0.9851826326671261, 
    "fr": 1.0, 
    "ms": 0.3053066850447967
}