{
    "fr": 1.0, 
    "uk": 1.0, 
    "es": 1.0, 
    "sv": 0.9724354501046755, 
    "et": 0.36531751570132587, 
    "ms": 0.30704815073272856, 
    "nl": 0.43998604326587576, 
    "de": 0.44731332868108864, 
    "cs": 0.49930216329378924, 
    "tr": 0.6912072575017446
}