{
    "uk": 1.0,
    "ms": 0.30787836903939186,
    "es": 1.0,
    "sv": 0.9765031098825155,
    "de": 0.4664823773324119,
    "nl": 0.46821008984105045,
    "tr": 0.6834830684174154,
    "fr": 0.9955079474775398,
    "et": 0.3697304768486524,
    "cs": 0.5791292328956462
}