{
    "pl": 0.34190077704722055,
    "fr_CA": 0.9526206692330471,
    "et": 0.3096891035315424,
    "fr": 1.0,
    "it": 0.3870776526378186,
    "sv": 0.8876106194690265,
    "uk": 1.0,
    "pt": 0.4070008899436369,
    "ja": 0.9597275688480901,
    "nl": 0.7142857142857143,
    "ru": 0.9994100294985251,
    "es_MX": 0.9327805744743856,
    "es": 0.9973451327433628,
    "pt_BR": 0.4145976667663775,
    "cs": 0.5733133433283358,
    "tr": 0.5138637733574443,
    "de": 0.3859702399028242
}