{
    "fr": 1.0, 
    "ms": 0.30785267546907574, 
    "nl": 0.4555246699096595, 
    "et": 0.37352328005559415, 
    "cs": 0.5052119527449618, 
    "es": 1.0, 
    "de": 0.4589993050729673, 
    "tr": 0.687630298818624, 
    "sv": 0.9840166782487839, 
    "uk": 1.0
}