{
    "tr": 0.6873914553664466, 
    "sv": 0.9829802014588399, 
    "ms": 0.31121917332407084, 
    "de": 0.4720389023966655, 
    "uk": 1.0, 
    "cs": 0.5800625217089267, 
    "fr": 1.0, 
    "et": 0.37235151094129904, 
    "es": 1.0, 
    "nl": 0.47099687391455364
}