{
    "uk": 1.0,
    "zh_CN": 0.32099173553719007,
    "es": 0.9907438016528926,
    "sv": 0.9639669421487603,
    "ru": 0.6423140495867768,
    "de": 0.4317355371900826,
    "pt_BR": 0.32264462809917355,
    "nl": 0.4700826446280992,
    "tr": 0.610909090909091,
    "fr": 1.0,
    "pt": 0.31636363636363635,
    "et": 0.35173553719008266,
    "cs": 0.6105785123966943
}