{
    "uk": 1.0,
    "es": 1.0,
    "sv": 0.9090617995517131,
    "ru": 0.9173871277617676,
    "de": 0.4159462055715658,
    "nl": 0.43099583733589497,
    "tr": 0.552993916106308,
    "fr": 0.9513288504642972,
    "pt": 0.30291386487351907,
    "et": 0.32788984950368233,
    "cs": 0.595581171950048
}