{
    "et": 0.32748354747727987,
    "fr": 1.0,
    "it": 0.39580068943904734,
    "sv": 0.9177868083776181,
    "uk": 1.0,
    "pt": 0.3099341899091194,
    "nl": 0.744907552491382,
    "ru": 0.9968740231322288,
    "es": 0.9990630855715178,
    "cs": 0.600438733939204,
    "tr": 0.5272556390977443,
    "de": 0.40363522406769037
}