{
    "uk": 0.9965397923875432,
    "es": 0.9965397923875432,
    "sv": 0.9037433155080213,
    "ru": 0.9959106637307329,
    "de": 0.407989933941491,
    "nl": 0.4756212645486002,
    "tr": 0.5419943378420887,
    "fr": 0.9959106637307329,
    "pt": 0.3051273985530041,
    "et": 0.33595470273670963,
    "cs": 0.5948411450141554
}