{
    "pt": 0.30935251798561153, 
    "fr": 1.0, 
    "et": 0.36245289482699555, 
    "es": 1.0, 
    "nl": 0.49297704693388145, 
    "uk": 1.0, 
    "cs": 0.6063720452209661, 
    "ru": 0.6166495375128469, 
    "zh_CN": 0.32956491949297706, 
    "tr": 0.657416923603974, 
    "sv": 0.9917780061664954, 
    "de": 0.44844124700239807
}