{
    "pl": 0.34968017057569295,
    "fr_CA": 0.9785757392878697,
    "et": 0.31456548347613217,
    "fr": 1.0,
    "it": 0.3884673748103187,
    "sv": 0.8863088057901085,
    "uk": 1.0,
    "pt": 0.4162375037867313,
    "ja": 0.9858177429088715,
    "nl": 0.7249240121580547,
    "ru": 0.9843089921544961,
    "es_MX": 0.9583584791792396,
    "es": 1.0,
    "pt_BR": 0.41676792223572295,
    "cs": 0.5810975609756097,
    "tr": 0.5119485294117647,
    "de": 0.3917589175891759
}