{
    "pl": 0.35294117647058826,
    "et": 0.3044982698961938,
    "ta": 0.9929834409205726,
    "zh_CN": 0.8906293706293706,
    "fr": 1.0,
    "it": 0.49277005954068615,
    "sv": 0.8779461279461279,
    "uk": 1.0,
    "pt": 0.4078243737686462,
    "ja": 0.9284097340124505,
    "nl": 0.6967375886524823,
    "ru": 0.9957912457912458,
    "es": 1.0,
    "pt_BR": 0.4909142532651902,
    "cs": 0.5652797704447633,
    "tr": 0.5817975616671393,
    "de": 0.3877551020408163
}