{
    "de": 0.4653089402830514, 
    "ms": 0.3072143596824301, 
    "sv": 0.9782533655505695, 
    "tr": 0.6817397307559544, 
    "uk": 1.0, 
    "cs": 0.5795650673110114, 
    "es": 1.0, 
    "nl": 0.46910597169485674, 
    "fr": 1.0, 
    "et": 0.36900241629271663
}