{
    "fr": 1.0,
    "ta": 0.9368600682593856,
    "it": 0.49386682242990654,
    "es": 0.9994337485843715,
    "pt_BR": 0.5183887915936952,
    "zh_CN": 1.0,
    "ar": 0.969309462915601,
    "zh_TW": 0.30456553755522825,
    "uk": 1.0,
    "et": 0.3052043516612761,
    "ko": 1.0,
    "cs": 0.5556844547563805,
    "sv": 0.9215741789354474,
    "de": 0.3886946386946387,
    "pl": 0.3537694338515694,
    "tr": 0.5767012687427913,
    "pt": 0.4072476272648835,
    "ru": 1.0,
    "nl": 0.8789339381910972,
    "ja": 1.0
}