{
    "pl": 0.3422075979658989,
    "fr_CA": 0.9543568464730291,
    "et": 0.309761257177395,
    "fr": 1.0,
    "it": 0.38395245170876674,
    "sv": 0.8881325836046168,
    "uk": 1.0,
    "pt": 0.4071874071874072,
    "ja": 0.9614700652045051,
    "nl": 0.7155146840700088,
    "ru": 0.9991142604074402,
    "es_MX": 0.9344991108476586,
    "es": 0.998819013876587,
    "pt_BR": 0.4131934032983508,
    "cs": 0.5736131934032983,
    "tr": 0.5152337858220211,
    "de": 0.3859702399028242
}