{
    "ms": 0.31121917332407084, 
    "nl": 0.47099687391455364, 
    "cs": 0.5800625217089267, 
    "et": 0.37200416811392845, 
    "fr": 1.0, 
    "de": 0.4713442167419243, 
    "tr": 0.687044112539076, 
    "uk": 1.0, 
    "es": 1.0, 
    "sv": 0.9850642584230636
}