{
    "pl": 0.3463046757164404,
    "fr_CA": 0.9723557692307693,
    "et": 0.31416335270724993,
    "fr": 0.9994015559545183,
    "it": 0.3887222555488902,
    "sv": 0.879940119760479,
    "uk": 1.0,
    "pt": 0.41312857573020173,
    "ja": 0.9795673076923077,
    "nl": 0.7294117647058823,
    "ru": 1.0,
    "es_MX": 0.9522235576923077,
    "es": 0.9994015559545183,
    "pt_BR": 0.4142512077294686,
    "cs": 0.5757850241545893,
    "tr": 0.5107099143206855,
    "de": 0.3879415347137637
}