{
    "pl": 0.3682795698924731,
    "et": 0.3125371360665478,
    "ta": 0.9740783410138248,
    "zh_CN": 0.8955094991364422,
    "zh_TW": 0.3133136094674556,
    "fr": 1.0,
    "it": 0.5076877587226494,
    "ar": 0.9997146118721462,
    "sv": 0.9316805995964255,
    "uk": 1.0,
    "pt": 0.4174364896073903,
    "ja": 0.8976286871023713,
    "nl": 0.6636706291678748,
    "ru": 0.9997146118721462,
    "es": 1.0,
    "pt_BR": 0.5352611389790499,
    "cs": 0.5856502242152466,
    "tr": 0.5963168664133295,
    "de": 0.3970193740685544
}