{
    "nl": 0.45808695652173914, 
    "fr": 1.0, 
    "ms": 0.3071304347826087, 
    "cs": 0.5050434782608696, 
    "et": 0.37321739130434783, 
    "es": 1.0, 
    "tr": 0.6900869565217391, 
    "de": 0.44730434782608697, 
    "uk": 1.0, 
    "sv": 0.9732173913043478
}