{
    "de": 0.46514837819185645, 
    "tr": 0.6818495514147688, 
    "uk": 1.0, 
    "nl": 0.468944099378882, 
    "sv": 0.9775707384403036, 
    "fr": 1.0, 
    "et": 0.3688750862663906, 
    "es": 1.0, 
    "ms": 0.30710835058661146, 
    "cs": 0.5793650793650794
}