{
    "uk": 1.0,
    "es": 1.0,
    "sv": 0.9093529788597053,
    "ru": 0.9208840486867392,
    "de": 0.41800128122998076,
    "pt_BR": 0.3004484304932735,
    "nl": 0.4336963484945548,
    "tr": 0.5544522741832159,
    "fr": 0.9381806534272902,
    "pt": 0.30525304292120437,
    "et": 0.3295964125560538,
    "cs": 0.5957719410634209
}