{
    "fr": 1.0, 
    "et": 0.36599020293911827, 
    "es": 1.0, 
    "nl": 0.3901329601119664, 
    "sv": 0.9706088173547935, 
    "uk": 1.0, 
    "de": 0.4517144856543037, 
    "cs": 0.5034989503149055, 
    "tr": 0.6980405878236529, 
    "ms": 0.30685794261721483
}