{
    "fr": 1.0,
    "ta": 0.9706980752657283,
    "it": 0.5135693215339233,
    "es": 0.999715343011671,
    "pt_BR": 0.5352611389790499,
    "zh_CN": 0.9183034443495588,
    "ar": 0.9962994591517221,
    "zh_TW": 0.3133136094674556,
    "uk": 1.0,
    "et": 0.3125371360665478,
    "cs": 0.5889552238805971,
    "sv": 0.9225732991744947,
    "de": 0.3970193740685544,
    "pl": 0.3682795698924731,
    "tr": 0.5963168664133295,
    "pt": 0.4174364896073903,
    "ru": 0.9968687731283803,
    "nl": 0.6607865818392135,
    "ja": 0.8892069853993702
}