{
    "cs": 0.505387556482447, 
    "uk": 1.0, 
    "et": 0.37365311087938824, 
    "fr": 1.0, 
    "es": 1.0, 
    "nl": 0.4556830031282586, 
    "sv": 0.9822732012513035, 
    "ms": 0.3083072645116441, 
    "de": 0.44664581160931527, 
    "tr": 0.6878693083072646
}