{
    "pl": 0.34576757532281205,
    "et": 0.3044982698961938,
    "ta": 0.9974704890387859,
    "zh_CN": 0.8712759977515458,
    "fr": 1.0,
    "it": 0.4947517730496454,
    "sv": 0.880831928049466,
    "uk": 1.0,
    "pt": 0.4091037602487984,
    "ja": 0.9317086993482573,
    "nl": 0.6997159090909091,
    "ru": 0.978920741989882,
    "es": 0.9997189432265318,
    "pt_BR": 0.4309360730593607,
    "cs": 0.5670399081251795,
    "tr": 0.5825766174801362,
    "de": 0.3883381924198251
}