{
    "de": 0.4727714186611169, 
    "ms": 0.31321540062434966, 
    "sv": 0.9802289281997919, 
    "tr": 0.6878251821019771, 
    "uk": 1.0, 
    "cs": 0.5827263267429761, 
    "es": 1.0, 
    "nl": 0.46756850502948316, 
    "fr": 1.0, 
    "et": 0.37114117238987165
}