{
    "uk": 1.0,
    "es": 1.0,
    "sv": 0.9084617804340988,
    "ru": 1.0,
    "de": 0.4092481912551117,
    "nl": 0.4863164517143756,
    "tr": 0.5385341302296319,
    "fr": 1.0,
    "pt": 0.3051273985530041,
    "et": 0.3356401384083045,
    "cs": 0.5983013526266121
}